scraping_timestamp,league,date,time,home,away,status,team,position,player,playing
2022-09-16 10:21:46,EPL,September 16,3:00 PM ET,Nottingham Forest,Fulham,Expected Lineup,Nottingham Forest,GK,D. Henderson,YES
2022-09-16 10:21:46,EPL,September 16,3:00 PM ET,Nottingham Forest,Fulham,Expected Lineup,Nottingham Forest,DC,Joe Worrall,YES
2022-09-16 10:21:46,EPL,September 16,3:00 PM ET,Nottingham Forest,Fulham,Expected Lineup,Nottingham Forest,DC,S. McKenna,YES
2022-09-16 10:21:46,EPL,September 16,3:00 PM ET,Nottingham Forest,Fulham,Expected Lineup,Nottingham Forest,DC,Steve Cook,YES
2022-09-16 10:21:46,EPL,September 16,3:00 PM ET,Nottingham Forest,Fulham,Expected Lineup,Nottingham Forest,ML,Renan Lodi,YES
2022-09-16 10:21:46,EPL,September 16,3:00 PM ET,Nottingham Forest,Fulham,Expected Lineup,Nottingham Forest,MC,L. O'Brien,YES
2022-09-16 10:21:46,EPL,September 16,3:00 PM ET,Nottingham Forest,Fulham,Expected Lineup,Nottingham Forest,MC,Ryan Yates,YES
2022-09-16 10:21:46,EPL,September 16,3:00 PM ET,Nottingham Forest,Fulham,Expected Lineup,Nottingham Forest,MR,N. Williams,YES
2022-09-16 10:21:46,EPL,September 16,3:00 PM ET,Nottingham Forest,Fulham,Expected Lineup,Nottingham Forest,AMC,J. Lingard,YES
2022-09-16 10:21:46,EPL,September 16,3:00 PM ET,Nottingham Forest,Fulham,Expected Lineup,Nottingham Forest,AMC,M. Gibbs-White,YES
2022-09-16 10:21:46,EPL,September 16,3:00 PM ET,Nottingham Forest,Fulham,Expected Lineup,Nottingham Forest,FW,B. Johnson,YES
2022-09-16 10:21:46,EPL,September 16,3:00 PM ET,Nottingham Forest,Fulham,Injuries,Nottingham Forest,M,Orel Mangala,NO
2022-09-16 10:21:46,EPL,September 16,3:00 PM ET,Nottingham Forest,Fulham,Injuries,Nottingham Forest,D,M. Niakhate,NO
2022-09-16 10:21:46,EPL,September 16,3:00 PM ET,Nottingham Forest,Fulham,Injuries,Nottingham Forest,M/D,O. Richards,NO
2022-09-16 10:21:46,EPL,September 16,3:00 PM ET,Nottingham Forest,Fulham,Expected Lineup,Fulham,GK,Bernd Leno,YES
2022-09-16 10:21:46,EPL,September 16,3:00 PM ET,Nottingham Forest,Fulham,Expected Lineup,Fulham,DL,L. Kurzawa,YES
2022-09-16 10:21:46,EPL,September 16,3:00 PM ET,Nottingham Forest,Fulham,Expected Lineup,Fulham,DC,Tim Ream,YES
2022-09-16 10:21:46,EPL,September 16,3:00 PM ET,Nottingham Forest,Fulham,Expected Lineup,Fulham,DC,T. Adarabioyo,YES
2022-09-16 10:21:46,EPL,September 16,3:00 PM ET,Nottingham Forest,Fulham,Expected Lineup,Fulham,DR,Kenny Tete,YES
2022-09-16 10:21:46,EPL,September 16,3:00 PM ET,Nottingham Forest,Fulham,Expected Lineup,Fulham,DMC,H. Reed,YES
2022-09-16 10:21:46,EPL,September 16,3:00 PM ET,Nottingham Forest,Fulham,Expected Lineup,Fulham,DMC,J. Palhinha,YES
2022-09-16 10:21:46,EPL,September 16,3:00 PM ET,Nottingham Forest,Fulham,Expected Lineup,Fulham,AML,B. Decordova-Reid,YES
2022-09-16 10:21:46,EPL,September 16,3:00 PM ET,Nottingham Forest,Fulham,Expected Lineup,Fulham,AMC,A. Pereira,YES
2022-09-16 10:21:46,EPL,September 16,3:00 PM ET,Nottingham Forest,Fulham,Expected Lineup,Fulham,AMR,Daniel James,YES
2022-09-16 10:21:46,EPL,September 16,3:00 PM ET,Nottingham Forest,Fulham,Expected Lineup,Fulham,FW,A. Mitrovic,YES
2022-09-16 10:21:46,EPL,September 16,3:00 PM ET,Nottingham Forest,Fulham,Injuries,Fulham,D,A. Robinson,NO
2022-09-16 10:21:46,EPL,September 16,3:00 PM ET,Nottingham Forest,Fulham,Injuries,Fulham,F/M,M. Solomon,NO
2022-09-16 10:21:46,EPL,September 16,3:00 PM ET,Nottingham Forest,Fulham,Injuries,Fulham,F/M,Harry Wilson,NO
2022-09-16 10:21:46,EPL,September 16,3:00 PM ET,Aston Villa,Southampton,Expected Lineup,Aston Villa,GK,E. Martinez,NO
2022-09-16 10:21:46,EPL,September 16,3:00 PM ET,Aston Villa,Southampton,Expected Lineup,Aston Villa,DL,Lucas Digne,YES
2022-09-16 10:21:46,EPL,September 16,3:00 PM ET,Aston Villa,Southampton,Expected Lineup,Aston Villa,DC,Tyrone Mings,YES
2022-09-16 10:21:46,EPL,September 16,3:00 PM ET,Aston Villa,Southampton,Expected Lineup,Aston Villa,DC,Ezri Konsa,YES
2022-09-16 10:21:46,EPL,September 16,3:00 PM ET,Aston Villa,Southampton,Expected Lineup,Aston Villa,DR,Ashley Young,YES
2022-09-16 10:21:46,EPL,September 16,3:00 PM ET,Aston Villa,Southampton,Expected Lineup,Aston Villa,MC,B. Kamara,YES
2022-09-16 10:21:46,EPL,September 16,3:00 PM ET,Aston Villa,Southampton,Expected Lineup,Aston Villa,MC,Douglas Luiz,YES
2022-09-16 10:21:46,EPL,September 16,3:00 PM ET,Aston Villa,Southampton,Expected Lineup,Aston Villa,MC,John McGinn,YES
2022-09-16 10:21:46,EPL,September 16,3:00 PM ET,Aston Villa,Southampton,Expected Lineup,Aston Villa,AMC,P. Coutinho,YES
2022-09-16 10:21:46,EPL,September 16,3:00 PM ET,Aston Villa,Southampton,Expected Lineup,Aston Villa,FW,Danny Ings,YES
2022-09-16 10:21:46,EPL,September 16,3:00 PM ET,Aston Villa,Southampton,Expected Lineup,Aston Villa,FW,O. Watkins,NO
2022-09-16 10:21:46,EPL,September 16,3:00 PM ET,Aston Villa,Southampton,Injuries,Aston Villa,G,E. Martinez,NO
2022-09-16 10:21:46,EPL,September 16,3:00 PM ET,Aston Villa,Southampton,Injuries,Aston Villa,G,Robin Olsen,NO
2022-09-16 10:21:46,EPL,September 16,3:00 PM ET,Aston Villa,Southampton,Injuries,Aston Villa,F,O. Watkins,NO
2022-09-16 10:21:46,EPL,September 16,3:00 PM ET,Aston Villa,Southampton,Injuries,Aston Villa,D,Jan Bednarek,NO
2022-09-16 10:21:46,EPL,September 16,3:00 PM ET,Aston Villa,Southampton,Injuries,Aston Villa,M/D,Matty Cash,NO
2022-09-16 10:21:46,EPL,September 16,3:00 PM ET,Aston Villa,Southampton,Injuries,Aston Villa,D,Diego Carlos,NO
2022-09-16 10:21:46,EPL,September 16,3:00 PM ET,Aston Villa,Southampton,Expected Lineup,Southampton,GK,Gavin Bazunu,YES
2022-09-16 10:21:46,EPL,September 16,3:00 PM ET,Aston Villa,Southampton,Expected Lineup,Southampton,DL,R. Perraud,YES
2022-09-16 10:21:46,EPL,September 16,3:00 PM ET,Aston Villa,Southampton,Expected Lineup,Southampton,DC,M. Salisu,YES
2022-09-16 10:21:46,EPL,September 16,3:00 PM ET,Aston Villa,Southampton,Expected Lineup,Southampton,DC,A. Bella-Kotchap,YES
2022-09-16 10:21:46,EPL,September 16,3:00 PM ET,Aston Villa,Southampton,Expected Lineup,Southampton,DR,K. Walker-Peters,YES
2022-09-16 10:21:46,EPL,September 16,3:00 PM ET,Aston Villa,Southampton,Expected Lineup,Southampton,DMC,J. Ward-Prowse,YES
2022-09-16 10:21:46,EPL,September 16,3:00 PM ET,Aston Villa,Southampton,Expected Lineup,Southampton,DMC,I. Diallo,YES
2022-09-16 10:21:46,EPL,September 16,3:00 PM ET,Aston Villa,Southampton,Expected Lineup,Southampton,AML,A. Armstrong,YES
2022-09-16 10:21:46,EPL,September 16,3:00 PM ET,Aston Villa,Southampton,Expected Lineup,Southampton,AMC,M. Elyounoussi,YES
2022-09-16 10:21:46,EPL,September 16,3:00 PM ET,Aston Villa,Southampton,Expected Lineup,Southampton,AMR,Joe Aribo,YES
2022-09-16 10:21:46,EPL,September 16,3:00 PM ET,Aston Villa,Southampton,Expected Lineup,Southampton,FW,Che Adams,YES
2022-09-16 10:21:46,EPL,September 16,3:00 PM ET,Aston Villa,Southampton,Injuries,Southampton,M,Romeo Lavia,NO
2022-09-16 10:21:46,EPL,September 16,3:00 PM ET,Aston Villa,Southampton,Injuries,Southampton,M/D,V. Livramento,NO
2022-09-16 10:21:46,EPL,September 17,7:30 AM ET,Wolverhampton,Manchester City,Expected Lineup,Wolverhampton,GK,Jose Sa,YES
2022-09-16 10:21:46,EPL,September 17,7:30 AM ET,Wolverhampton,Manchester City,Expected Lineup,Wolverhampton,DL,R. Ait-Nouri,YES
2022-09-16 10:21:46,EPL,September 17,7:30 AM ET,Wolverhampton,Manchester City,Expected Lineup,Wolverhampton,DC,N. Collins,YES
2022-09-16 10:21:46,EPL,September 17,7:30 AM ET,Wolverhampton,Manchester City,Expected Lineup,Wolverhampton,DC,Max Kilman,YES
2022-09-16 10:21:46,EPL,September 17,7:30 AM ET,Wolverhampton,Manchester City,Expected Lineup,Wolverhampton,DR,Jonny,YES
2022-09-16 10:21:46,EPL,September 17,7:30 AM ET,Wolverhampton,Manchester City,Expected Lineup,Wolverhampton,MC,J. Moutinho,YES
2022-09-16 10:21:46,EPL,September 17,7:30 AM ET,Wolverhampton,Manchester City,Expected Lineup,Wolverhampton,MC,Ruben Neves,YES
2022-09-16 10:21:46,EPL,September 17,7:30 AM ET,Wolverhampton,Manchester City,Expected Lineup,Wolverhampton,MC,Matheus Nunes,YES
2022-09-16 10:21:46,EPL,September 17,7:30 AM ET,Wolverhampton,Manchester City,Expected Lineup,Wolverhampton,FWL,Pedro Neto,YES
2022-09-16 10:21:46,EPL,September 17,7:30 AM ET,Wolverhampton,Manchester City,Expected Lineup,Wolverhampton,FWR,D. Podence,YES
2022-09-16 10:21:46,EPL,September 17,7:30 AM ET,Wolverhampton,Manchester City,Expected Lineup,Wolverhampton,FW,Raul Jimenez,NO
2022-09-16 10:21:46,EPL,September 17,7:30 AM ET,Wolverhampton,Manchester City,Injuries,Wolverhampton,F,Raul Jimenez,NO
2022-09-16 10:21:46,EPL,September 17,7:30 AM ET,Wolverhampton,Manchester City,Injuries,Wolverhampton,F,S. Kalajdzic,NO
2022-09-16 10:21:46,EPL,September 17,7:30 AM ET,Wolverhampton,Manchester City,Injuries,Wolverhampton,F/M,Chiquinho,NO
2022-09-16 10:21:46,EPL,September 17,7:30 AM ET,Wolverhampton,Manchester City,Expected Lineup,Manchester City,GK,Ederson,YES
2022-09-16 10:21:46,EPL,September 17,7:30 AM ET,Wolverhampton,Manchester City,Expected Lineup,Manchester City,DL,Sergio Gomez,YES
2022-09-16 10:21:46,EPL,September 17,7:30 AM ET,Wolverhampton,Manchester City,Expected Lineup,Manchester City,DC,M. Akanji,YES
2022-09-16 10:21:46,EPL,September 17,7:30 AM ET,Wolverhampton,Manchester City,Expected Lineup,Manchester City,DC,Ruben Dias,YES
2022-09-16 10:21:46,EPL,September 17,7:30 AM ET,Wolverhampton,Manchester City,Expected Lineup,Manchester City,DR,Joao Cancelo,YES
2022-09-16 10:21:46,EPL,September 17,7:30 AM ET,Wolverhampton,Manchester City,Expected Lineup,Manchester City,MC,K. De Bruyne,YES
2022-09-16 10:21:46,EPL,September 17,7:30 AM ET,Wolverhampton,Manchester City,Expected Lineup,Manchester City,MC,Rodri,YES
2022-09-16 10:21:46,EPL,September 17,7:30 AM ET,Wolverhampton,Manchester City,Expected Lineup,Manchester City,MC,Phil Foden,YES
2022-09-16 10:21:46,EPL,September 17,7:30 AM ET,Wolverhampton,Manchester City,Expected Lineup,Manchester City,FWL,B. Silva,YES
2022-09-16 10:21:46,EPL,September 17,7:30 AM ET,Wolverhampton,Manchester City,Expected Lineup,Manchester City,FWR,J. Grealish,YES
2022-09-16 10:21:46,EPL,September 17,7:30 AM ET,Wolverhampton,Manchester City,Expected Lineup,Manchester City,FW,E. Haaland,YES
2022-09-16 10:21:46,EPL,September 17,7:30 AM ET,Wolverhampton,Manchester City,Injuries,Manchester City,D,B. Mendy,NO
2022-09-16 10:21:46,EPL,September 17,7:30 AM ET,Wolverhampton,Manchester City,Injuries,Manchester City,D,A. Laporte,NO
2022-09-16 10:21:46,EPL,September 17,7:30 AM ET,Wolverhampton,Manchester City,Injuries,Manchester City,D,Kyle Walker,NO
2022-09-16 10:21:46,EPL,September 17,10:00 AM ET,Newcastle United,AFC Bournemouth,Expected Lineup,Newcastle United,GK,Nick Pope,YES
2022-09-16 10:21:46,EPL,September 17,10:00 AM ET,Newcastle United,AFC Bournemouth,Expected Lineup,Newcastle United,DL,Matt Targett,YES
2022-09-16 10:21:46,EPL,September 17,10:00 AM ET,Newcastle United,AFC Bournemouth,Expected Lineup,Newcastle United,DC,Fabian Schar,YES
2022-09-16 10:21:46,EPL,September 17,10:00 AM ET,Newcastle United,AFC Bournemouth,Expected Lineup,Newcastle United,DC,Sven Botman,YES
2022-09-16 10:21:46,EPL,September 17,10:00 AM ET,Newcastle United,AFC Bournemouth,Expected Lineup,Newcastle United,DR,K. Trippier,YES
2022-09-16 10:21:46,EPL,September 17,10:00 AM ET,Newcastle United,AFC Bournemouth,Expected Lineup,Newcastle United,MC,Joelinton,YES
2022-09-16 10:21:46,EPL,September 17,10:00 AM ET,Newcastle United,AFC Bournemouth,Expected Lineup,Newcastle United,MC,S. Longstaff,YES
2022-09-16 10:21:46,EPL,September 17,10:00 AM ET,Newcastle United,AFC Bournemouth,Expected Lineup,Newcastle United,MC,Joe Willock,YES
2022-09-16 10:21:46,EPL,September 17,10:00 AM ET,Newcastle United,AFC Bournemouth,Expected Lineup,Newcastle United,FWL,Ryan Fraser,YES
2022-09-16 10:21:46,EPL,September 17,10:00 AM ET,Newcastle United,AFC Bournemouth,Expected Lineup,Newcastle United,FWR,M. Almiron,YES
2022-09-16 10:21:46,EPL,September 17,10:00 AM ET,Newcastle United,AFC Bournemouth,Expected Lineup,Newcastle United,FW,A. Isak,YES
2022-09-16 10:21:46,EPL,September 17,10:00 AM ET,Newcastle United,AFC Bournemouth,Injuries,Newcastle United,M,B. Guimaraes Rodriguez Moura,NO
2022-09-16 10:21:46,EPL,September 17,10:00 AM ET,Newcastle United,AFC Bournemouth,Injuries,Newcastle United,F/M,A. Saint-Maximin,NO
2022-09-16 10:21:46,EPL,September 17,10:00 AM ET,Newcastle United,AFC Bournemouth,Injuries,Newcastle United,F,C. Wilson,NO
2022-09-16 10:21:46,EPL,September 17,10:00 AM ET,Newcastle United,AFC Bournemouth,Injuries,Newcastle United,G,Karl Darlow,NO
2022-09-16 10:21:46,EPL,September 17,10:00 AM ET,Newcastle United,AFC Bournemouth,Injuries,Newcastle United,D,Emil Krafth,NO
2022-09-16 10:21:46,EPL,September 17,10:00 AM ET,Newcastle United,AFC Bournemouth,Injuries,Newcastle United,M,J. Shelvey,NO
2022-09-16 10:21:46,EPL,September 17,10:00 AM ET,Newcastle United,AFC Bournemouth,Expected Lineup,AFC Bournemouth,GK,Neto,YES
2022-09-16 10:21:46,EPL,September 17,10:00 AM ET,Newcastle United,AFC Bournemouth,Expected Lineup,AFC Bournemouth,DL,R. Fredericks,YES
2022-09-16 10:21:46,EPL,September 17,10:00 AM ET,Newcastle United,AFC Bournemouth,Expected Lineup,AFC Bournemouth,DC,Chris Mepham,YES
2022-09-16 10:21:46,EPL,September 17,10:00 AM ET,Newcastle United,AFC Bournemouth,Expected Lineup,AFC Bournemouth,DC,Lloyd Kelly,YES
2022-09-16 10:21:46,EPL,September 17,10:00 AM ET,Newcastle United,AFC Bournemouth,Expected Lineup,AFC Bournemouth,DR,Adam Smith,YES
2022-09-16 10:21:46,EPL,September 17,10:00 AM ET,Newcastle United,AFC Bournemouth,Expected Lineup,AFC Bournemouth,DMC,J. Lerma,YES
2022-09-16 10:21:46,EPL,September 17,10:00 AM ET,Newcastle United,AFC Bournemouth,Expected Lineup,AFC Bournemouth,DMC,Lewis Cook,YES
2022-09-16 10:21:46,EPL,September 17,10:00 AM ET,Newcastle United,AFC Bournemouth,Expected Lineup,AFC Bournemouth,AML,M. Tavernier,YES
2022-09-16 10:21:46,EPL,September 17,10:00 AM ET,Newcastle United,AFC Bournemouth,Expected Lineup,AFC Bournemouth,AMC,P. Billing,YES
2022-09-16 10:21:46,EPL,September 17,10:00 AM ET,Newcastle United,AFC Bournemouth,Expected Lineup,AFC Bournemouth,AMR,R. Christie,YES
2022-09-16 10:21:46,EPL,September 17,10:00 AM ET,Newcastle United,AFC Bournemouth,Expected Lineup,AFC Bournemouth,FW,D. Solanke,YES
2022-09-16 10:21:46,EPL,September 17,10:00 AM ET,Newcastle United,AFC Bournemouth,Injuries,AFC Bournemouth,M,Ben Pearson,NO
2022-09-16 10:21:46,EPL,September 17,10:00 AM ET,Newcastle United,AFC Bournemouth,Injuries,AFC Bournemouth,M,J. Stanislas,NO
2022-09-16 10:21:46,EPL,September 17,10:00 AM ET,Newcastle United,AFC Bournemouth,Injuries,AFC Bournemouth,M,David Brooks,NO
2022-09-16 10:21:46,EPL,September 17,10:00 AM ET,Newcastle United,AFC Bournemouth,Injuries,AFC Bournemouth,M,Joe Rothwell,NO
2022-09-16 10:21:46,EPL,September 17,12:30 PM ET,Tottenham Hotspur,Leicester City,Expected Lineup,Tottenham Hotspur,GK,Hugo Lloris,YES
2022-09-16 10:21:46,EPL,September 17,12:30 PM ET,Tottenham Hotspur,Leicester City,Expected Lineup,Tottenham Hotspur,DC,Eric Dier,YES
2022-09-16 10:21:46,EPL,September 17,12:30 PM ET,Tottenham Hotspur,Leicester City,Expected Lineup,Tottenham Hotspur,DC,C. Lenglet,YES
2022-09-16 10:21:46,EPL,September 17,12:30 PM ET,Tottenham Hotspur,Leicester City,Expected Lineup,Tottenham Hotspur,DC,C. Romero,YES
2022-09-16 10:21:46,EPL,September 17,12:30 PM ET,Tottenham Hotspur,Leicester City,Expected Lineup,Tottenham Hotspur,ML,Ivan Perisic,YES
2022-09-16 10:21:46,EPL,September 17,12:30 PM ET,Tottenham Hotspur,Leicester City,Expected Lineup,Tottenham Hotspur,MC,P. Hojbjerg,YES
2022-09-16 10:21:46,EPL,September 17,12:30 PM ET,Tottenham Hotspur,Leicester City,Expected Lineup,Tottenham Hotspur,MC,R. Bentancur,YES
2022-09-16 10:21:46,EPL,September 17,12:30 PM ET,Tottenham Hotspur,Leicester City,Expected Lineup,Tottenham Hotspur,MR,Emerson,YES
2022-09-16 10:21:46,EPL,September 17,12:30 PM ET,Tottenham Hotspur,Leicester City,Expected Lineup,Tottenham Hotspur,AMC,D. Kulusevski,YES
2022-09-16 10:21:46,EPL,September 17,12:30 PM ET,Tottenham Hotspur,Leicester City,Expected Lineup,Tottenham Hotspur,AMC,Son Heung-Min,YES
2022-09-16 10:21:46,EPL,September 17,12:30 PM ET,Tottenham Hotspur,Leicester City,Expected Lineup,Tottenham Hotspur,FW,Harry Kane,YES
2022-09-16 10:21:46,EPL,September 17,12:30 PM ET,Tottenham Hotspur,Leicester City,Injuries,Tottenham Hotspur,F/M,Lucas Moura,NO
2022-09-16 10:21:46,EPL,September 17,12:30 PM ET,Tottenham Hotspur,Leicester City,Expected Lineup,Leicester City,GK,Danny Ward,YES
2022-09-16 10:21:46,EPL,September 17,12:30 PM ET,Tottenham Hotspur,Leicester City,Expected Lineup,Leicester City,DL,Luke Thomas,YES
2022-09-16 10:21:46,EPL,September 17,12:30 PM ET,Tottenham Hotspur,Leicester City,Expected Lineup,Leicester City,DC,Wout Faes,YES
2022-09-16 10:21:46,EPL,September 17,12:30 PM ET,Tottenham Hotspur,Leicester City,Expected Lineup,Leicester City,DC,Jonny Evans,YES
2022-09-16 10:21:46,EPL,September 17,12:30 PM ET,Tottenham Hotspur,Leicester City,Expected Lineup,Leicester City,DR,James Justin,YES
2022-09-16 10:21:46,EPL,September 17,12:30 PM ET,Tottenham Hotspur,Leicester City,Expected Lineup,Leicester City,DMC,Y. Tielemans,YES
2022-09-16 10:21:46,EPL,September 17,12:30 PM ET,Tottenham Hotspur,Leicester City,Expected Lineup,Leicester City,DMC,W. Ndidi,YES
2022-09-16 10:21:46,EPL,September 17,12:30 PM ET,Tottenham Hotspur,Leicester City,Expected Lineup,Leicester City,AML,H. Barnes,YES
2022-09-16 10:21:46,EPL,September 17,12:30 PM ET,Tottenham Hotspur,Leicester City,Expected Lineup,Leicester City,AMC,K. Dewsbury-Hall,YES
2022-09-16 10:21:46,EPL,September 17,12:30 PM ET,Tottenham Hotspur,Leicester City,Expected Lineup,Leicester City,AMR,J. Maddison,YES
2022-09-16 10:21:46,EPL,September 17,12:30 PM ET,Tottenham Hotspur,Leicester City,Expected Lineup,Leicester City,FW,Jamie Vardy,YES
2022-09-16 10:21:46,EPL,September 17,12:30 PM ET,Tottenham Hotspur,Leicester City,Injuries,Leicester City,M,Dennis Praet,NO
2022-09-16 10:21:46,EPL,September 17,12:30 PM ET,Tottenham Hotspur,Leicester City,Injuries,Leicester City,M/D,R. Bertrand,NO
2022-09-16 10:21:46,EPL,September 17,12:30 PM ET,Tottenham Hotspur,Leicester City,Injuries,Leicester City,M/D,R. Pereira,NO
2022-09-16 10:21:46,EPL,September 18,7:00 AM ET,Brentford,Arsenal,Expected Lineup,Brentford,GK,David Raya,YES
2022-09-16 10:21:46,EPL,September 18,7:00 AM ET,Brentford,Arsenal,Expected Lineup,Brentford,DL,Rico Henry,YES
2022-09-16 10:21:46,EPL,September 18,7:00 AM ET,Brentford,Arsenal,Expected Lineup,Brentford,DC,Ben Mee,YES
2022-09-16 10:21:46,EPL,September 18,7:00 AM ET,Brentford,Arsenal,Expected Lineup,Brentford,DC,P. Jansson,YES
2022-09-16 10:21:46,EPL,September 18,7:00 AM ET,Brentford,Arsenal,Expected Lineup,Brentford,DR,Aaron Hickey,YES
2022-09-16 10:21:46,EPL,September 18,7:00 AM ET,Brentford,Arsenal,Expected Lineup,Brentford,MC,V. Janelt,YES
2022-09-16 10:21:46,EPL,September 18,7:00 AM ET,Brentford,Arsenal,Expected Lineup,Brentford,MC,Josh Dasilva,YES
2022-09-16 10:21:46,EPL,September 18,7:00 AM ET,Brentford,Arsenal,Expected Lineup,Brentford,MC,M. Jensen,YES
2022-09-16 10:21:46,EPL,September 18,7:00 AM ET,Brentford,Arsenal,Expected Lineup,Brentford,FWL,K. Lewis-Potter,YES
2022-09-16 10:21:46,EPL,September 18,7:00 AM ET,Brentford,Arsenal,Expected Lineup,Brentford,FWR,Bryan Mbeumo,YES
2022-09-16 10:21:46,EPL,September 18,7:00 AM ET,Brentford,Arsenal,Expected Lineup,Brentford,FW,Ivan Toney,YES
2022-09-16 10:21:46,EPL,September 18,7:00 AM ET,Brentford,Arsenal,Injuries,Brentford,M/D,Sergi Canos,NO
2022-09-16 10:21:46,EPL,September 18,7:00 AM ET,Brentford,Arsenal,Injuries,Brentford,M,C. Norgaard,NO
2022-09-16 10:21:46,EPL,September 18,7:00 AM ET,Brentford,Arsenal,Injuries,Brentford,D,E. Pinnock,NO
2022-09-16 10:21:46,EPL,September 18,7:00 AM ET,Brentford,Arsenal,Expected Lineup,Arsenal,GK,A. Ramsdale,YES
2022-09-16 10:21:46,EPL,September 18,7:00 AM ET,Brentford,Arsenal,Expected Lineup,Arsenal,DL,O. Zinchenko,YES
2022-09-16 10:21:46,EPL,September 18,7:00 AM ET,Brentford,Arsenal,Expected Lineup,Arsenal,DC,Gabriel,YES
2022-09-16 10:21:46,EPL,September 18,7:00 AM ET,Brentford,Arsenal,Expected Lineup,Arsenal,DC,W. Saliba,YES
2022-09-16 10:21:46,EPL,September 18,7:00 AM ET,Brentford,Arsenal,Expected Lineup,Arsenal,DR,Ben White,YES
2022-09-16 10:21:46,EPL,September 18,7:00 AM ET,Brentford,Arsenal,Expected Lineup,Arsenal,DMC,A. Lokonga,YES
2022-09-16 10:21:46,EPL,September 18,7:00 AM ET,Brentford,Arsenal,Expected Lineup,Arsenal,DMC,Granit Xhaka,YES
2022-09-16 10:21:46,EPL,September 18,7:00 AM ET,Brentford,Arsenal,Expected Lineup,Arsenal,AML,G. Martinelli,YES
2022-09-16 10:21:46,EPL,September 18,7:00 AM ET,Brentford,Arsenal,Expected Lineup,Arsenal,AMC,M. Odegaard,YES
2022-09-16 10:21:46,EPL,September 18,7:00 AM ET,Brentford,Arsenal,Expected Lineup,Arsenal,AMR,Bukayo Saka,YES
2022-09-16 10:21:46,EPL,September 18,7:00 AM ET,Brentford,Arsenal,Expected Lineup,Arsenal,FW,G. Jesus,YES
2022-09-16 10:21:46,EPL,September 18,7:00 AM ET,Brentford,Arsenal,Injuries,Arsenal,M,T. Partey,NO
2022-09-16 10:21:46,EPL,September 18,7:00 AM ET,Brentford,Arsenal,Injuries,Arsenal,M,E. Smith Rowe,NO
2022-09-16 10:21:46,EPL,September 18,7:00 AM ET,Brentford,Arsenal,Injuries,Arsenal,M,M. Elneny,NO
2022-09-16 10:21:46,EPL,September 18,7:00 AM ET,Brentford,Arsenal,Injuries,Arsenal,F/M,Reiss Nelson,NO
2022-09-16 10:21:46,EPL,September 18,9:15 AM ET,Everton,West Ham United,Expected Lineup,Everton,GK,A. Begovic,YES
2022-09-16 10:21:46,EPL,September 18,9:15 AM ET,Everton,West Ham United,Expected Lineup,Everton,DL,V. Mykolenko,YES
2022-09-16 10:21:46,EPL,September 18,9:15 AM ET,Everton,West Ham United,Expected Lineup,Everton,DC,Conor Coady,YES
2022-09-16 10:21:46,EPL,September 18,9:15 AM ET,Everton,West Ham United,Expected Lineup,Everton,DC,J. Tarkowski,YES
2022-09-16 10:21:46,EPL,September 18,9:15 AM ET,Everton,West Ham United,Expected Lineup,Everton,DR,N. Patterson,YES
2022-09-16 10:21:46,EPL,September 18,9:15 AM ET,Everton,West Ham United,Expected Lineup,Everton,MC,Amadou Onana,YES
2022-09-16 10:21:46,EPL,September 18,9:15 AM ET,Everton,West Ham United,Expected Lineup,Everton,MC,Tom Davies,YES
2022-09-16 10:21:46,EPL,September 18,9:15 AM ET,Everton,West Ham United,Expected Lineup,Everton,MC,Alex Iwobi,YES
2022-09-16 10:21:46,EPL,September 18,9:15 AM ET,Everton,West Ham United,Expected Lineup,Everton,FWL,A. Gordon,YES
2022-09-16 10:21:46,EPL,September 18,9:15 AM ET,Everton,West Ham United,Expected Lineup,Everton,FWR,Demarai Gray,YES
2022-09-16 10:21:46,EPL,September 18,9:15 AM ET,Everton,West Ham United,Expected Lineup,Everton,FW,Neal Maupay,YES
2022-09-16 10:21:46,EPL,September 18,9:15 AM ET,Everton,West Ham United,Injuries,Everton,F,D. Calvert-Lewin,NO
2022-09-16 10:21:46,EPL,September 18,9:15 AM ET,Everton,West Ham United,Injuries,Everton,M,A. Doucoure,NO
2022-09-16 10:21:46,EPL,September 18,9:15 AM ET,Everton,West Ham United,Injuries,Everton,D,M. Holgate,NO
2022-09-16 10:21:46,EPL,September 18,9:15 AM ET,Everton,West Ham United,Injuries,Everton,F/M,A. Townsend,NO
2022-09-16 10:21:46,EPL,September 18,9:15 AM ET,Everton,West Ham United,Injuries,Everton,D,Ben Godfrey,NO
2022-09-16 10:21:46,EPL,September 18,9:15 AM ET,Everton,West Ham United,Injuries,Everton,G,A. Lonergan,NO
2022-09-16 10:21:46,EPL,September 18,9:15 AM ET,Everton,West Ham United,Injuries,Everton,D,Yerry Mina,NO
2022-09-16 10:21:46,EPL,September 18,9:15 AM ET,Everton,West Ham United,Injuries,Everton,G,J. Pickford,NO
2022-09-16 10:21:46,EPL,September 18,9:15 AM ET,Everton,West Ham United,Expected Lineup,West Ham United,GK,L. Fabianski,YES
2022-09-16 10:21:46,EPL,September 18,9:15 AM ET,Everton,West Ham United,Expected Lineup,West Ham United,DL,Emerson,YES
2022-09-16 10:21:46,EPL,September 18,9:15 AM ET,Everton,West Ham United,Expected Lineup,West Ham United,DC,Kurt Zouma,YES
2022-09-16 10:21:46,EPL,September 18,9:15 AM ET,Everton,West Ham United,Expected Lineup,West Ham United,DC,Thilo Kehrer,YES
2022-09-16 10:21:46,EPL,September 18,9:15 AM ET,Everton,West Ham United,Expected Lineup,West Ham United,DR,V. Coufal,YES
2022-09-16 10:21:46,EPL,September 18,9:15 AM ET,Everton,West Ham United,Expected Lineup,West Ham United,DMC,Tomas Soucek,YES
2022-09-16 10:21:46,EPL,September 18,9:15 AM ET,Everton,West Ham United,Expected Lineup,West Ham United,DMC,Declan Rice,YES
2022-09-16 10:21:46,EPL,September 18,9:15 AM ET,Everton,West Ham United,Expected Lineup,West Ham United,AML,P. Fornals,YES
2022-09-16 10:21:46,EPL,September 18,9:15 AM ET,Everton,West Ham United,Expected Lineup,West Ham United,AMC,L. Paqueta,YES
2022-09-16 10:21:46,EPL,September 18,9:15 AM ET,Everton,West Ham United,Expected Lineup,West Ham United,AMR,Jarrod Bowen,YES
2022-09-16 10:21:46,EPL,September 18,9:15 AM ET,Everton,West Ham United,Expected Lineup,West Ham United,FW,M. Antonio,YES
2022-09-16 10:21:46,EPL,September 18,9:15 AM ET,Everton,West Ham United,Injuries,West Ham United,D,Nayef Aguerd,NO
2022-09-16 10:21:46,EPL,September 18,9:15 AM ET,Everton,West Ham United,Injuries,West Ham United,D,Ben Johnson,NO
